Dataset,Total Observations,Valid After QC,Rejected,Rejection %,Retention %
SST,65760000,17686532,48073468,73.1044,26.8956
SSS Ascending,16440000,1429078,15010922,91.3073,8.6927
SSS Descending,16440000,1840157,14599843,88.8068,11.1932
SSH,10521600,8849104,1672496,15.8958,84.1042
Current U,10521600,8539867,1981733,18.8349,81.1651
Current V,10521600,8539853,1981747,18.835,81.165
Wind U,10521600,2909552,7612048,72.3469,27.6531
Wind V,10521600,2909552,7612048,72.3469,27.6531
GLORYS thetao,3442220352,2531889328,910331024,26.446,73.554
